<?xml version="1.0" encoding="UTF-8"?>
<project-private xmlns="http://www.netbeans.org/ns/project-private/1">
    <editor-bookmarks xmlns="http://www.netbeans.org/ns/editor-bookmarks/2" lastBookmarkId="0"/>
    <open-files xmlns="http://www.netbeans.org/ns/projectui-open-files/2">
        <group>
            <file>jar:file:/C:/OLD/DiscoD/UyTube/uytube2/uytube/uyTube%20-%20Parte%202/uytube%20-%20ServidorWeb/WebApplication1/dist/WebApplication1.war!/META-INF/MANIFEST.MF</file>
            <file>file:/C:/OLD/DiscoD/UyTube/uytube2/uytube/uyTube%20-%20Parte%202/uytube%20-%20ServidorWeb/WebApplication1/web/index.jsp</file>
            <file>file:/C:/OLD/DiscoD/UyTube/uytube2/uytube/uyTube%20-%20Parte%202/uytube%20-%20ServidorWeb/WebApplication1/web/META-INF/context.xml</file>
            <file>file:/C:/OLD/DiscoD/UyTube/uytube2/uytube/uyTube%20-%20Parte%202/uytube%20-%20ServidorWeb/WebApplication1/src/conf/MANIFEST.MF</file>
        </group>
    </open-files>
</project-private>
